First Name,Last Name,Gender,Age,Email,Phone,Education,Salary
Henry,Gibson,Male,30,h.gibson@randatmail.com,527-6515-27,Primary,8717
Arnold,Andrews,Male,18,a.andrews@randatmail.com,895-2945-33,Doctoral,707
Adelaide,Mitchell,Female,28,a.mitchell@randatmail.com,494-5211-47,Primary,8479
Lana,Thompson,Female,26,l.thompson@randatmail.com,348-5921-35,Lower secondary,2838
Catherine,Morgan,Female,20,c.morgan@randatmail.com,975-3098-80,Lower secondary,1687
Garry,Reed,Male,28,g.reed@randatmail.com,593-5449-71,Master,5613
Victoria,Allen,Female,20,v.allen@randatmail.com,038-2496-88,Upper secondary,4805
Robert,Campbell,Male,23,r.campbell@randatmail.com,724-6925-57,Lower secondary,1972
Edith,Cunningham,Female,26,e.cunningham@randatmail.com,150-3857-44,Doctoral,7461
Nicole,Chapman,Female,23,n.chapman@randatmail.com,453-3745-95,Master,6911
Annabella,Miller,Female,25,a.miller@randatmail.com,513-7559-31,Upper secondary,3896
Jacob,Martin,Male,22,j.martin@randatmail.com,216-0320-92,Upper secondary,3203
Jenna,Fowler,Female,18,j.fowler@randatmail.com,975-4522-48,Doctoral,5306
Florrie,Hunt,Female,21,f.hunt@randatmail.com,242-4705-84,Upper secondary,9398
Carlos,Morris,Male,25,c.morris@randatmail.com,737-7996-66,Master,7472
Kelsey,Barrett,Female,22,k.barrett@randatmail.com,900-4027-52,Bachelor,6826
Annabella,Carroll,Female,29,a.carroll@randatmail.com,712-4363-15,Lower secondary,8118
Agata,Henderson,Female,30,a.henderson@randatmail.com,805-9601-75,Lower secondary,5665
Max,Johnston,Male,18,m.johnston@randatmail.com,792-8373-23,Upper secondary,1131
James,Hill,Male,23,j.hill@randatmail.com,340-5798-37,Bachelor,5929
Sawyer,Owens,Male,26,s.owens@randatmail.com,560-1404-30,Master,2610
Mike,Foster,Male,23,m.foster@randatmail.com,486-5309-37,Master,758
Violet,Spencer,Female,27,v.spencer@randatmail.com,612-5762-69,Bachelor,9792
Carlos,Cole,Male,20,c.cole@randatmail.com,744-9890-49,Doctoral,6269
Clark,Ellis,Male,22,c.ellis@randatmail.com,449-2118-26,Lower secondary,9557
Ellia,Howard,Female,20,e.howard@randatmail.com,058-3575-24,Upper secondary,6827
Kirsten,Wilson,Female,18,k.wilson@randatmail.com,237-2711-06,Primary,6772
Madaline,Payne,Female,30,m.payne@randatmail.com,072-2856-97,Lower secondary,1973
Freddie,Perry,Male,20,f.perry@randatmail.com,540-6381-95,Bachelor,1873
Julia,Williams,Female,26,j.williams@randatmail.com,021-7675-93,Doctoral,1235
Aiden,Barnes,Male,18,a.barnes@randatmail.com,119-3886-01,Lower secondary,4375
Jordan,Hill,Male,27,j.hill@randatmail.com,078-3663-18,Lower secondary,5363
Edith,Moore,Female,20,e.moore@randatmail.com,056-7030-98,Bachelor,6945
Sophia,Hall,Female,28,s.hall@randatmail.com,470-6790-49,Master,3337
Eddy,Harper,Male,24,e.harper@randatmail.com,909-6814-34,Master,1997
Lydia,Harper,Female,21,l.harper@randatmail.com,977-3302-77,Lower secondary,8070
Camila,Baker,Female,19,c.baker@randatmail.com,417-3562-56,Upper secondary,3735
Paige,Carroll,Female,21,p.carroll@randatmail.com,587-0378-26,Master,3040
Justin,Hawkins,Male,18,j.hawkins@randatmail.com,614-0574-17,Upper secondary,4360
Daryl,Miller,Male,27,d.miller@randatmail.com,382-0115-41,Lower secondary,8712
Adelaide,Nelson,Female,19,a.nelson@randatmail.com,484-8450-62,Lower secondary,5421
Preston,Harrison,Male,30,p.harrison@randatmail.com,025-2763-66,Master,3341
Evelyn,Kelley,Female,29,e.kelley@randatmail.com,756-5694-70,Bachelor,1036
David,Wells,Male,20,d.wells@randatmail.com,505-8697-84,Doctoral,5175
Lucy,Myers,Female,25,l.myers@randatmail.com,113-3835-98,Lower secondary,8292
Alexander,Harrison,Male,21,a.harrison@randatmail.com,272-7185-78,Master,793
Eleanor,Barrett,Female,23,e.barrett@randatmail.com,517-0941-66,Bachelor,4682
Wilson,Elliott,Male,28,w.elliott@randatmail.com,070-8625-27,Lower secondary,8371
Audrey,Dixon,Female,24,a.dixon@randatmail.com,843-3047-52,Lower secondary,778
Marcus,Thompson,Male,25,m.thompson@randatmail.com,640-8507-65,Bachelor,4883
Dainton,Bailey,Male,21,d.bailey@randatmail.com,439-9431-09,Doctoral,5045
Briony,Carroll,Female,23,b.carroll@randatmail.com,906-5010-61,Upper secondary,2817
Edwin,Murphy,Male,24,e.murphy@randatmail.com,209-2428-38,Doctoral,2445
Alen,Scott,Male,18,a.scott@randatmail.com,717-2256-70,Doctoral,6571
Walter,Cameron,Male,24,w.cameron@randatmail.com,246-5251-05,Bachelor,5181
James,Brooks,Male,19,j.brooks@randatmail.com,385-6891-42,Lower secondary,4583
Connie,Moore,Female,26,c.moore@randatmail.com,365-0244-48,Upper secondary,9882
Owen,Hawkins,Male,30,o.hawkins@randatmail.com,865-8389-12,Primary,9842
Vincent,Grant,Male,27,v.grant@randatmail.com,460-7548-76,Master,4844
Lyndon,Gray,Male,20,l.gray@randatmail.com,700-9901-27,Primary,8085
Ada,Robinson,Female,23,a.robinson@randatmail.com,505-3284-35,Master,7985
Alina,Harrison,Female,24,a.harrison@randatmail.com,522-5225-32,Primary,1819
Alfred,Martin,Male,26,a.martin@randatmail.com,972-5205-67,Upper secondary,2155
Tiana,Montgomery,Female,26,t.montgomery@randatmail.com,099-2844-03,Doctoral,7287
Alina,Mason,Female,19,a.mason@randatmail.com,095-5071-05,Lower secondary,9423
April,Wright,Female,20,a.wright@randatmail.com,886-1669-62,Master,734
Kevin,Cameron,Male,27,k.cameron@randatmail.com,703-9716-44,Primary,5059
Robert,Gibson,Male,19,r.gibson@randatmail.com,237-1861-73,Upper secondary,9839
Miranda,Smith,Female,21,m.smith@randatmail.com,167-4544-40,Primary,8138
Max,Evans,Male,29,m.evans@randatmail.com,212-7465-46,Upper secondary,8006
Robert,Grant,Male,30,r.grant@randatmail.com,054-5836-16,Doctoral,4386
Ellia,Montgomery,Female,19,e.montgomery@randatmail.com,834-0886-28,Lower secondary,4132
Melanie,Bailey,Female,25,m.bailey@randatmail.com,173-4105-97,Lower secondary,9560
Alan,Gibson,Male,18,a.gibson@randatmail.com,016-1666-90,Lower secondary,2160
Reid,Roberts,Male,21,r.roberts@randatmail.com,707-6385-04,Doctoral,4424
Madaline,Howard,Female,22,m.howard@randatmail.com,624-9086-58,Lower secondary,4729
Patrick,Elliott,Male,28,p.elliott@randatmail.com,111-7517-34,Master,1250
Lenny,Brown,Male,18,l.brown@randatmail.com,537-4045-80,Primary,7355
Audrey,Higgins,Female,19,a.higgins@randatmail.com,090-2753-55,Bachelor,1557
Daniel,Owens,Male,28,d.owens@randatmail.com,382-3348-60,Lower secondary,8379
Hailey,Phillips,Female,28,h.phillips@randatmail.com,676-3572-15,Lower secondary,3891
Edith,Adams,Female,27,e.adams@randatmail.com,246-7594-36,Primary,7534
Eddy,Murray,Male,20,e.murray@randatmail.com,492-1265-15,Master,5408
Dominik,Armstrong,Male,27,d.armstrong@randatmail.com,617-0505-44,Lower secondary,4973
Jasmine,Carter,Female,21,j.carter@randatmail.com,446-5197-99,Lower secondary,2602
Maximilian,Elliott,Male,20,m.elliott@randatmail.com,588-2759-77,Primary,5204
Justin,Dixon,Male,28,j.dixon@randatmail.com,307-7991-66,Upper secondary,5403
Catherine,Hill,Female,18,c.hill@randatmail.com,719-9063-31,Master,4006
Alexander,Riley,Male,20,a.riley@randatmail.com,234-6610-29,Doctoral,9839
Tess,Wright,Female,18,t.wright@randatmail.com,080-8664-24,Primary,5623
Alberta,Hall,Female,28,a.hall@randatmail.com,627-8202-36,Lower secondary,5661
Rafael,Fowler,Male,29,r.fowler@randatmail.com,261-4153-70,Primary,8811
Aiden,Watson,Male,18,a.watson@randatmail.com,975-4632-66,Doctoral,4509
Cherry,Richardson,Female,23,c.richardson@randatmail.com,760-1521-07,Lower secondary,1030
Melissa,Gray,Female,26,m.gray@randatmail.com,151-3529-19,Master,9343
Blake,Carroll,Male,21,b.carroll@randatmail.com,280-3803-03,Primary,9632
Valeria,Douglas,Female,26,v.douglas@randatmail.com,406-0762-84,Master,3723
April,Myers,Female,21,a.myers@randatmail.com,438-9191-51,Bachelor,4902
Honey,Wright,Female,24,h.wright@randatmail.com,993-9865-14,Upper secondary,5821
Thomas,Stevens,Male,30,t.stevens@randatmail.com,816-6879-94,Upper secondary,806
Maddie,Stewart,Female,24,m.stewart@randatmail.com,260-0079-60,Master,3476
Albert,Bennett,Male,20,a.bennett@randatmail.com,925-1073-46,Bachelor,4311
Valeria,Harrison,Female,19,v.harrison@randatmail.com,852-0151-05,Doctoral,7615
Catherine,Andrews,Female,22,c.andrews@randatmail.com,380-1432-79,Upper secondary,4344
Tyler,Armstrong,Male,20,t.armstrong@randatmail.com,565-0006-91,Master,5212
Jordan,Howard,Male,25,j.howard@randatmail.com,893-5336-29,Lower secondary,8682
Anna,Hill,Female,18,a.hill@randatmail.com,796-0740-96,Lower secondary,5894
Audrey,Morgan,Female,30,a.morgan@randatmail.com,219-5788-78,Primary,9423
Naomi,Turner,Female,30,n.turner@randatmail.com,521-7244-10,Primary,3310
Adelaide,Richards,Female,20,a.richards@randatmail.com,032-6490-18,Upper secondary,6240
Dainton,Harper,Male,23,d.harper@randatmail.com,554-5521-47,Master,6245
Sarah,Allen,Female,20,s.allen@randatmail.com,530-9052-58,Lower secondary,7405
Edith,Warren,Female,26,e.warren@randatmail.com,624-6511-63,Master,4559
Ada,Brown,Female,19,a.brown@randatmail.com,104-2454-90,Upper secondary,2823
Maddie,Campbell,Female,20,m.campbell@randatmail.com,341-0251-75,Bachelor,9902
Madaline,Richards,Female,29,m.richards@randatmail.com,489-7564-61,Primary,1991
Elise,Mitchell,Female,23,e.mitchell@randatmail.com,176-6825-16,Master,4424
Samantha,Phillips,Female,20,s.phillips@randatmail.com,028-2393-02,Lower secondary,2883
Brooke,Ellis,Female,19,b.ellis@randatmail.com,826-0685-78,Upper secondary,3040
Victor,Richardson,Male,24,v.richardson@randatmail.com,396-3838-13,Bachelor,4109
Adele,Sullivan,Female,26,a.sullivan@randatmail.com,582-9153-45,Primary,868
Aiden,Hill,Male,29,a.hill@randatmail.com,850-9424-16,Upper secondary,5122
David,Dixon,Male,29,d.dixon@randatmail.com,742-5008-34,Upper secondary,5615
Sophia,Alexander,Female,19,s.alexander@randatmail.com,302-1279-83,Bachelor,5438
Stella,Harrison,Female,30,s.harrison@randatmail.com,225-6690-48,Bachelor,3514
Ashton,Stewart,Male,30,a.stewart@randatmail.com,298-7002-80,Lower secondary,6657
Nicholas,Holmes,Male,26,n.holmes@randatmail.com,033-3065-04,Master,6419
Charlie,Baker,Male,19,c.baker@randatmail.com,912-7120-87,Lower secondary,2902
Isabella,Montgomery,Female,19,i.montgomery@randatmail.com,746-2762-36,Primary,955
Abraham,Kelley,Male,26,a.kelley@randatmail.com,426-0250-64,Master,6582
Belinda,Douglas,Female,29,b.douglas@randatmail.com,212-7047-65,Doctoral,5596
George,Wilson,Male,26,g.wilson@randatmail.com,020-4547-70,Doctoral,1078
Rafael,Cole,Male,26,r.cole@randatmail.com,740-6324-65,Master,8383
Frederick,Richards,Male,25,f.richards@randatmail.com,567-5062-27,Doctoral,1410
Stuart,Walker,Male,21,s.walker@randatmail.com,382-7662-52,Doctoral,3130
Vivian,Murray,Female,24,v.murray@randatmail.com,740-0219-21,Master,5951
Charlotte,Richards,Female,24,c.richards@randatmail.com,775-3369-52,Upper secondary,1275
Alford,Bailey,Male,27,a.bailey@randatmail.com,891-7157-11,Doctoral,6873
Brooke,Taylor,Female,21,b.taylor@randatmail.com,712-7978-01,Lower secondary,2414
Jenna,Taylor,Female,23,j.taylor@randatmail.com,450-3366-79,Lower secondary,7381
Darcy,Richards,Female,29,d.richards@randatmail.com,063-5861-50,Primary,2267
Kristian,Moore,Male,27,k.moore@randatmail.com,328-3013-66,Upper secondary,9991
Caroline,Chapman,Female,25,c.chapman@randatmail.com,923-0844-12,Doctoral,2228
Alfred,Phillips,Male,25,a.phillips@randatmail.com,998-0915-31,Doctoral,4245
Robert,Mason,Male,25,r.mason@randatmail.com,937-2436-78,Master,8763
Jack,Cole,Male,21,j.cole@randatmail.com,544-7917-72,Master,4487
James,Johnston,Male,30,j.johnston@randatmail.com,241-9460-69,Primary,8844
Catherine,Ross,Female,18,c.ross@randatmail.com,152-4644-90,Doctoral,3719
Carlos,Hawkins,Male,19,c.hawkins@randatmail.com,983-7641-78,Bachelor,1440
Haris,Thomas,Male,19,h.thomas@randatmail.com,780-2642-50,Master,7373
Cadie,Craig,Female,24,c.craig@randatmail.com,681-3517-42,Master,5996
Charlie,Spencer,Male,18,c.spencer@randatmail.com,173-7288-25,Upper secondary,7461
Martin,Mason,Male,28,m.mason@randatmail.com,293-4789-92,Primary,2778
Justin,Holmes,Male,30,j.holmes@randatmail.com,182-8759-82,Doctoral,8394
Ellia,Spencer,Female,26,e.spencer@randatmail.com,821-3383-71,Master,8650
Lana,Rogers,Female,30,l.rogers@randatmail.com,269-3382-53,Master,5830
Tyler,Brown,Male,24,t.brown@randatmail.com,841-8681-51,Master,6778
Antony,Carter,Male,27,a.carter@randatmail.com,333-6099-70,Master,6886
Eleanor,Payne,Female,29,e.payne@randatmail.com,531-7940-47,Doctoral,1028
Edgar,Kelly,Male,28,e.kelly@randatmail.com,515-9350-94,Bachelor,4444
Paul,Montgomery,Male,29,p.montgomery@randatmail.com,380-2170-65,Master,6426
Dexter,Harper,Male,28,d.harper@randatmail.com,693-0910-10,Primary,3542
Blake,West,Male,28,b.west@randatmail.com,750-1716-03,Master,3912
Connie,Phillips,Female,27,c.phillips@randatmail.com,021-2901-09,Lower secondary,9794
Kelsey,Warren,Female,28,k.warren@randatmail.com,171-1015-77,Lower secondary,5631
Olivia,Holmes,Female,24,o.holmes@randatmail.com,558-0353-40,Bachelor,3641
Chester,Cameron,Male,22,c.cameron@randatmail.com,870-8531-16,Doctoral,4361
Natalie,Harper,Female,20,n.harper@randatmail.com,790-2820-18,Doctoral,9658
Michelle,Wilson,Female,20,m.wilson@randatmail.com,308-8783-12,Master,9736
Connie,Fowler,Female,28,c.fowler@randatmail.com,277-3958-22,Bachelor,1733
Tony,Murphy,Male,28,t.murphy@randatmail.com,223-8536-09,Lower secondary,6063
Dexter,Turner,Male,23,d.turner@randatmail.com,678-4200-89,Bachelor,1811
Edward,Thompson,Male,20,e.thompson@randatmail.com,718-1108-14,Doctoral,585
Aiden,Johnston,Male,23,a.johnston@randatmail.com,460-2906-12,Upper secondary,2065
Garry,Wright,Male,22,g.wright@randatmail.com,075-2055-41,Bachelor,4056
Emily,Warren,Female,29,e.warren@randatmail.com,107-3434-02,Primary,802
Alford,Armstrong,Male,18,a.armstrong@randatmail.com,322-7506-37,Lower secondary,4631
Carl,Scott,Male,27,c.scott@randatmail.com,086-4741-05,Master,9924
Amy,Cunningham,Female,21,a.cunningham@randatmail.com,001-0906-39,Doctoral,3112
Ted,Martin,Male,29,t.martin@randatmail.com,223-0822-93,Lower secondary,4371
Adele,Crawford,Female,22,a.crawford@randatmail.com,765-4340-82,Lower secondary,1318
Carl,Kelly,Male,24,c.kelly@randatmail.com,897-2598-48,Lower secondary,8657
Vivian,Thompson,Female,23,v.thompson@randatmail.com,896-1138-43,Bachelor,4088
Hailey,Dixon,Female,21,h.dixon@randatmail.com,692-3312-59,Master,9399
Myra,Dixon,Female,29,m.dixon@randatmail.com,327-9840-22,Primary,3726
Walter,Williams,Male,29,w.williams@randatmail.com,023-0388-19,Lower secondary,1032
Lily,Moore,Female,20,l.moore@randatmail.com,851-4193-61,Master,4142
Emily,Sullivan,Female,26,e.sullivan@randatmail.com,413-7039-05,Upper secondary,5938
Wilson,Barnes,Male,28,w.barnes@randatmail.com,007-7696-32,Upper secondary,7828
Antony,Hill,Male,26,a.hill@randatmail.com,325-7563-10,Master,1901
Nicole,Casey,Female,21,n.casey@randatmail.com,085-5352-71,Bachelor,7057
Fiona,Kelly,Female,29,f.kelly@randatmail.com,213-6130-85,Doctoral,8047
Valeria,Williams,Female,19,v.williams@randatmail.com,902-7269-09,Primary,9842
Agata,Warren,Female,20,a.warren@randatmail.com,682-7555-27,Primary,8975
Charlotte,Evans,Female,21,c.evans@randatmail.com,197-8430-97,Primary,6024
Rebecca,Holmes,Female,24,r.holmes@randatmail.com,406-4535-38,Upper secondary,2679
Wilson,Armstrong,Male,26,w.armstrong@randatmail.com,512-2711-16,Doctoral,5632
Frederick,Murphy,Male,18,f.murphy@randatmail.com,716-4638-94,Lower secondary,2943
Carlos,Mason,Male,28,c.mason@randatmail.com,899-8194-76,Master,1694
Wilson,Murphy,Male,21,w.murphy@randatmail.com,797-1609-99,Lower secondary,7873